Workbook

Sheet Budget du don
A1: BUDGET PAR DON — LISTE D'ACHATS
A2: Préparez ici le budget d'un don : les articles à acheter, l'unité, la quantité et le prix unitaire saisi en € OU en FCFA (une seule des deux colonnes jaunes) — la conversion s'affiche automatiquement dans les deux monnaies. Le montant total en bas vous donne l'enveloppe à envoyer à la logistique. La ligne 9 est un exemple.
A3: Campagne / don : | B3: Noël 2025 | D3: Date d'envoi prévue : | E3: 45996
A4: Destination : | B4: Orphelinat Sainte-Marie, Cotonou | F4: Taux (1 € = X FCFA) : | G4: 655.957
A6: BUDGET TOTAL DU DON (€) | C6: BUDGET TOTAL (FCFA) | E6: NOMBRE D'ARTICLES
A7: =SUM(H9:H48) -> 182.93882 | C7: =SUM(I9:I48) -> 120000 | E7: =COUNTA(A9:A48) -> 8
A8: Article à acheter | B8: Unité | C8: Quantité | D8: PU saisi (€) | E8: PU saisi (FCFA) | F8: Prix unitaire (€) | G8: Prix unitaire (FCFA) | H8: Montant (€) | I8: Montant (FCFA)
A9: Sac de riz 25 kg | B9: sac | C9: 10 | E9: 12000 | F9: =IF(AND(D9="",E9=""),"",IF(D9<>"",D9,E9/'Budget du don'!$G$4)) -> 18.293882 | G9: =IF(F9="","",F9*'Budget du don'!$G$4) -> 12000 | H9: =IF(OR(A9="",C9="",F9=""),"",C9*F9) -> 182.93882 | I9: =IF(H9="","",H9*'Budget du don'!$G$4) -> 120000
A10: Cahier 96 pages | B10: pièce | F10: =IF(AND(D10="",E10=""),"",IF(D10<>"",D10,E10/'Budget du don'!$G$4)) | G10: =IF(F10="","",F10*'Budget du don'!$G$4) | H10: =IF(OR(A10="",C10="",F10=""),"",C10*F10) | I10: =IF(H10="","",H10*'Budget du don'!$G$4)
A11: Stylo bleu | B11: pièce | F11: =IF(AND(D11="",E11=""),"",IF(D11<>"",D11,E11/'Budget du don'!$G$4)) | G11: =IF(F11="","",F11*'Budget du don'!$G$4) | H11: =IF(OR(A11="",C11="",F11=""),"",C11*F11) | I11: =IF(H11="","",H11*'Budget du don'!$G$4)
A12: Cartable | B12: pièce | F12: =IF(AND(D12="",E12=""),"",IF(D12<>"",D12,E12/'Budget du don'!$G$4)) | G12: =IF(F12="","",F12*'Budget du don'!$G$4) | H12: =IF(OR(A12="",C12="",F12=""),"",C12*F12) | I12: =IF(H12="","",H12*'Budget du don'!$G$4)
A13: Craie blanche | B13: boîte de 100 | F13: =IF(AND(D13="",E13=""),"",IF(D13<>"",D13,E13/'Budget du don'!$G$4)) | G13: =IF(F13="","",F13*'Budget du don'!$G$4) | H13: =IF(OR(A13="",C13="",F13=""),"",C13*F13) | I13: =IF(H13="","",H13*'Budget du don'!$G$4)
A14: Huile végétale | B14: bidon 1 L | F14: =IF(AND(D14="",E14=""),"",IF(D14<>"",D14,E14/'Budget du don'!$G$4)) | G14: =IF(F14="","",F14*'Budget du don'!$G$4) | H14: =IF(OR(A14="",C14="",F14=""),"",C14*F14) | I14: =IF(H14="","",H14*'Budget du don'!$G$4)
A15: Savon | B15: pièce | F15: =IF(AND(D15="",E15=""),"",IF(D15<>"",D15,E15/'Budget du don'!$G$4)) | G15: =IF(F15="","",F15*'Budget du don'!$G$4) | H15: =IF(OR(A15="",C15="",F15=""),"",C15*F15) | I15: =IF(H15="","",H15*'Budget du don'!$G$4)
A16: Vêtements enfant | B16: lot | F16: =IF(AND(D16="",E16=""),"",IF(D16<>"",D16,E16/'Budget du don'!$G$4)) | G16: =IF(F16="","",F16*'Budget du don'!$G$4) | H16: =IF(OR(A16="",C16="",F16=""),"",C16*F16) | I16: =IF(H16="","",H16*'Budget du don'!$G$4)
F17: =IF(AND(D17="",E17=""),"",IF(D17<>"",D17,E17/'Budget du don'!$G$4)) | G17: =IF(F17="","",F17*'Budget du don'!$G$4) | H17: =IF(OR(A17="",C17="",F17=""),"",C17*F17) | I17: =IF(H17="","",H17*'Budget du don'!$G$4)
F18: =IF(AND(D18="",E18=""),"",IF(D18<>"",D18,E18/'Budget du don'!$G$4)) | G18: =IF(F18="","",F18*'Budget du don'!$G$4) | H18: =IF(OR(A18="",C18="",F18=""),"",C18*F18) | I18: =IF(H18="","",H18*'Budget du don'!$G$4)
F19: =IF(AND(D19="",E19=""),"",IF(D19<>"",D19,E19/'Budget du don'!$G$4)) | G19: =IF(F19="","",F19*'Budget du don'!$G$4) | H19: =IF(OR(A19="",C19="",F19=""),"",C19*F19) | I19: =IF(H19="","",H19*'Budget du don'!$G$4)
F20: =IF(AND(D20="",E20=""),"",IF(D20<>"",D20,E20/'Budget du don'!$G$4)) | G20: =IF(F20="","",F20*'Budget du don'!$G$4) | H20: =IF(OR(A20="",C20="",F20=""),"",C20*F20) | I20: =IF(H20="","",H20*'Budget du don'!$G$4)
F21: =IF(AND(D21="",E21=""),"",IF(D21<>"",D21,E21/'Budget du don'!$G$4)) | G21: =IF(F21="","",F21*'Budget du don'!$G$4) | H21: =IF(OR(A21="",C21="",F21=""),"",C21*F21) | I21: =IF(H21="","",H21*'Budget du don'!$G$4)
F22: =IF(AND(D22="",E22=""),"",IF(D22<>"",D22,E22/'Budget du don'!$G$4)) | G22: =IF(F22="","",F22*'Budget du don'!$G$4) | H22: =IF(OR(A22="",C22="",F22=""),"",C22*F22) | I22: =IF(H22="","",H22*'Budget du don'!$G$4)
F23: =IF(AND(D23="",E23=""),"",IF(D23<>"",D23,E23/'Budget du don'!$G$4)) | G23: =IF(F23="","",F23*'Budget du don'!$G$4) | H23: =IF(OR(A23="",C23="",F23=""),"",C23*F23) | I23: =IF(H23="","",H23*'Budget du don'!$G$4)
F24: =IF(AND(D24="",E24=""),"",IF(D24<>"",D24,E24/'Budget du don'!$G$4)) | G24: =IF(F24="","",F24*'Budget du don'!$G$4) | H24: =IF(OR(A24="",C24="",F24=""),"",C24*F24) | I24: =IF(H24="","",H24*'Budget du don'!$G$4)
F25: =IF(AND(D25="",E25=""),"",IF(D25<>"",D25,E25/'Budget du don'!$G$4)) | G25: =IF(F25="","",F25*'Budget du don'!$G$4) | H25: =IF(OR(A25="",C25="",F25=""),"",C25*F25) | I25: =IF(H25="","",H25*'Budget du don'!$G$4)
F26: =IF(AND(D26="",E26=""),"",IF(D26<>"",D26,E26/'Budget du don'!$G$4)) | G26: =IF(F26="","",F26*'Budget du don'!$G$4) | H26: =IF(OR(A26="",C26="",F26=""),"",C26*F26) | I26: =IF(H26="","",H26*'Budget du don'!$G$4)
F27: =IF(AND(D27="",E27=""),"",IF(D27<>"",D27,E27/'Budget du don'!$G$4)) | G27: =IF(F27="","",F27*'Budget du don'!$G$4) | H27: =IF(OR(A27="",C27="",F27=""),"",C27*F27) | I27: =IF(H27="","",H27*'Budget du don'!$G$4)
F28: =IF(AND(D28="",E28=""),"",IF(D28<>"",D28,E28/'Budget du don'!$G$4)) | G28: =IF(F28="","",F28*'Budget du don'!$G$4) | H28: =IF(OR(A28="",C28="",F28=""),"",C28*F28) | I28: =IF(H28="","",H28*'Budget du don'!$G$4)
... F48: =IF(AND(D48="",E48=""),"",IF(D48<>"",D48,E48/'Budget du don'!$G$4)) | G48: =IF(F48="","",F48*'Budget du don'!$G$4) | H48: =IF(OR(A48="",C48="",F48=""),"",C48*F48) | I48: =IF(H48="","",H48*'Budget du don'!$G$4)
A49: TOTAL — ENVELOPPE À ENVOYER | H49: =SUM(H9:H48) -> 182.93882 | I49: =SUM(I9:I48) -> 120000

Sheet Comparatif
A1: COMPARATIF MONTANT TOTAL PRÉVU / DÉPENSES RÉELLES
A2: La partie « Prévu » se remplit toute seule depuis l'onglet Budget du don. Après les achats, saisissez la quantité et le prix réellement payés — en € OU en FCFA : dès qu'un montant est saisi en FCFA, il est converti en euros automatiquement. Chaque colonne en euros a sa jumelle en FCFA. Écart en vert = économie, en rouge = dépassement.
A4: MONTANT TOTAL PRÉVU (€) | C4: MONTANT TOTAL PRÉVU (FCFA) | E4: DÉPENSES RÉELLES (€) | G4: DÉPENSES RÉELLES (FCFA) | I4: ÉCART GLOBAL (€) | K4: % DU MONTANT PRÉVU DÉPENSÉ
A5: =SUM(F9:F48) -> 182.93882 | C5: =SUM(F9:F48)*'Budget du don'!$G$4 -> 120000 | E5: =SUM(K9:K48) -> 195.13474 | G5: =SUM(K9:K48)*'Budget du don'!$G$4 -> 128000 | I5: =SUM(F9:F48)-SUM(K9:K48) -> -12.195921 | K5: =IF(SUM(F9:F48)=0,"",SUM(K9:K48)/SUM(F9:F48)) -> 1.0666667
A7: MONTANT TOTAL PRÉVU (automatique) | H7: DÉPENSES RÉELLES (à saisir : € ou FCFA) | M7: ANALYSE (automatique)
A8: Article | B8: Unité | C8: Qté prévue | D8: PU prévu (€) | E8: PU prévu (FCFA) | F8: Montant total prévu (€) | G8: Montant total prévu (FCFA) | H8: Qté réelle | I8: PU réel (€) | J8: PU réel (FCFA) | K8: Dépense réelle (€) | L8: Dépense réelle (FCFA) | M8: Écart (€) | N8: Écart (FCFA) | O8: Écart de prix unitaire | P8: Commentaire / analyse
A9: =IF('Budget du don'!A9="","",'Budget du don'!A9) -> Sac de riz 25 kg | B9: =IF(OR('Budget du don'!A9="",'Budget du don'!B9=""),"",'Budget du don'!B9) -> sac | C9: =IF(OR('Budget du don'!A9="",'Budget du don'!C9=""),"",'Budget du don'!C9) -> 10 | D9: =IF(OR('Budget du don'!A9="",'Budget du don'!F9=""),"",'Budget du don'!F9) -> 18.293882 | E9: =IF(D9="","",D9*'Budget du don'!$G$4) -> 12000 | F9: =IF('Budget du don'!H9="","",'Budget du don'!H9) -> 182.93882 | G9: =IF(F9="","",F9*'Budget du don'!$G$4) -> 120000 | H9: 10 | J9: 12800 | K9: =IF(OR(H9="",AND(I9="",J9="")),"",H9*IF(I9<>"",I9,J9/'Budget du don'!$G$4)) -> 195.13474 | L9: =IF(K9="","",K9*'Budget du don'!$G$4) -> 128000 | M9: =IF(OR(F9="",K9=""),"",F9-K9) -> -12.195921 | N9: =IF(M9="","",M9*'Budget du don'!$G$4) -> -8000 | O9: =IF(OR(D9="",D9=0,H9="",AND(I9="",J9="")),"",(IF(I9<>"",I9,J9/'Budget du don'!$G$4)-D9)/D9) -> 0.066666667 | P9: Prix du riz en hausse depuis la dernière campagne
A10: =IF('Budget du don'!A10="","",'Budget du don'!A10) -> Cahier 96 pages | B10: =IF(OR('Budget du don'!A10="",'Budget du don'!B10=""),"",'Budget du don'!B10) -> pièce | C10: =IF(OR('Budget du don'!A10="",'Budget du don'!C10=""),"",'Budget du don'!C10) | D10: =IF(OR('Budget du don'!A10="",'Budget du don'!F10=""),"",'Budget du don'!F10) | E10: =IF(D10="","",D10*'Budget du don'!$G$4) | F10: =IF('Budget du don'!H10="","",'Budget du don'!H10) | G10: =IF(F10="","",F10*'Budget du don'!$G$4) | K10: =IF(OR(H10="",AND(I10="",J10="")),"",H10*IF(I10<>"",I10,J10/'Budget du don'!$G$4)) | L10: =IF(K10="","",K10*'Budget du don'!$G$4) | M10: =IF(OR(F10="",K10=""),"",F10-K10) | N10: =IF(M10="","",M10*'Budget du don'!$G$4) | O10: =IF(OR(D10="",D10=0,H10="",AND(I10="",J10="")),"",(IF(I10<>"",I10,J10/'Budget du don'!$G$4)-D10)/D10)
A11: =IF('Budget du don'!A11="","",'Budget du don'!A11) -> Stylo bleu | B11: =IF(OR('Budget du don'!A11="",'Budget du don'!B11=""),"",'Budget du don'!B11) -> pièce | C11: =IF(OR('Budget du don'!A11="",'Budget du don'!C11=""),"",'Budget du don'!C11) | D11: =IF(OR('Budget du don'!A11="",'Budget du don'!F11=""),"",'Budget du don'!F11) | E11: =IF(D11="","",D11*'Budget du don'!$G$4) | F11: =IF('Budget du don'!H11="","",'Budget du don'!H11) | G11: =IF(F11="","",F11*'Budget du don'!$G$4) | K11: =IF(OR(H11="",AND(I11="",J11="")),"",H11*IF(I11<>"",I11,J11/'Budget du don'!$G$4)) | L11: =IF(K11="","",K11*'Budget du don'!$G$4) | M11: =IF(OR(F11="",K11=""),"",F11-K11) | N11: =IF(M11="","",M11*'Budget du don'!$G$4) | O11: =IF(OR(D11="",D11=0,H11="",AND(I11="",J11="")),"",(IF(I11<>"",I11,J11/'Budget du don'!$G$4)-D11)/D11)
A12: =IF('Budget du don'!A12="","",'Budget du don'!A12) -> Cartable | B12: =IF(OR('Budget du don'!A12="",'Budget du don'!B12=""),"",'Budget du don'!B12) -> pièce | C12: =IF(OR('Budget du don'!A12="",'Budget du don'!C12=""),"",'Budget du don'!C12) | D12: =IF(OR('Budget du don'!A12="",'Budget du don'!F12=""),"",'Budget du don'!F12) | E12: =IF(D12="","",D12*'Budget du don'!$G$4) | F12: =IF('Budget du don'!H12="","",'Budget du don'!H12) | G12: =IF(F12="","",F12*'Budget du don'!$G$4) | K12: =IF(OR(H12="",AND(I12="",J12="")),"",H12*IF(I12<>"",I12,J12/'Budget du don'!$G$4)) | L12: =IF(K12="","",K12*'Budget du don'!$G$4) | M12: =IF(OR(F12="",K12=""),"",F12-K12) | N12: =IF(M12="","",M12*'Budget du don'!$G$4) | O12: =IF(OR(D12="",D12=0,H12="",AND(I12="",J12="")),"",(IF(I12<>"",I12,J12/'Budget du don'!$G$4)-D12)/D12)
A13: =IF('Budget du don'!A13="","",'Budget du don'!A13) -> Craie blanche | B13: =IF(OR('Budget du don'!A13="",'Budget du don'!B13=""),"",'Budget du don'!B13) -> boîte de 100 | C13: =IF(OR('Budget du don'!A13="",'Budget du don'!C13=""),"",'Budget du don'!C13) | D13: =IF(OR('Budget du don'!A13="",'Budget du don'!F13=""),"",'Budget du don'!F13) | E13: =IF(D13="","",D13*'Budget du don'!$G$4) | F13: =IF('Budget du don'!H13="","",'Budget du don'!H13) | G13: =IF(F13="","",F13*'Budget du don'!$G$4) | K13: =IF(OR(H13="",AND(I13="",J13="")),"",H13*IF(I13<>"",I13,J13/'Budget du don'!$G$4)) | L13: =IF(K13="","",K13*'Budget du don'!$G$4) | M13: =IF(OR(F13="",K13=""),"",F13-K13) | N13: =IF(M13="","",M13*'Budget du don'!$G$4) | O13: =IF(OR(D13="",D13=0,H13="",AND(I13="",J13="")),"",(IF(I13<>"",I13,J13/'Budget du don'!$G$4)-D13)/D13)
A14: =IF('Budget du don'!A14="","",'Budget du don'!A14) -> Huile végétale | B14: =IF(OR('Budget du don'!A14="",'Budget du don'!B14=""),"",'Budget du don'!B14) -> bidon 1 L | C14: =IF(OR('Budget du don'!A14="",'Budget du don'!C14=""),"",'Budget du don'!C14) | D14: =IF(OR('Budget du don'!A14="",'Budget du don'!F14=""),"",'Budget du don'!F14) | E14: =IF(D14="","",D14*'Budget du don'!$G$4) | F14: =IF('Budget du don'!H14="","",'Budget du don'!H14) | G14: =IF(F14="","",F14*'Budget du don'!$G$4) | K14: =IF(OR(H14="",AND(I14="",J14="")),"",H14*IF(I14<>"",I14,J14/'Budget du don'!$G$4)) | L14: =IF(K14="","",K14*'Budget du don'!$G$4) | M14: =IF(OR(F14="",K14=""),"",F14-K14) | N14: =IF(M14="","",M14*'Budget du don'!$G$4) | O14: =IF(OR(D14="",D14=0,H14="",AND(I14="",J14="")),"",(IF(I14<>"",I14,J14/'Budget du don'!$G$4)-D14)/D14)
A15: =IF('Budget du don'!A15="","",'Budget du don'!A15) -> Savon | B15: =IF(OR('Budget du don'!A15="",'Budget du don'!B15=""),"",'Budget du don'!B15) -> pièce | C15: =IF(OR('Budget du don'!A15="",'Budget du don'!C15=""),"",'Budget du don'!C15) | D15: =IF(OR('Budget du don'!A15="",'Budget du don'!F15=""),"",'Budget du don'!F15) | E15: =IF(D15="","",D15*'Budget du don'!$G$4) | F15: =IF('Budget du don'!H15="","",'Budget du don'!H15) | G15: =IF(F15="","",F15*'Budget du don'!$G$4) | K15: =IF(OR(H15="",AND(I15="",J15="")),"",H15*IF(I15<>"",I15,J15/'Budget du don'!$G$4)) | L15: =IF(K15="","",K15*'Budget du don'!$G$4) | M15: =IF(OR(F15="",K15=""),"",F15-K15) | N15: =IF(M15="","",M15*'Budget du don'!$G$4) | O15: =IF(OR(D15="",D15=0,H15="",AND(I15="",J15="")),"",(IF(I15<>"",I15,J15/'Budget du don'!$G$4)-D15)/D15)
A16: =IF('Budget du don'!A16="","",'Budget du don'!A16) -> Vêtements enfant | B16: =IF(OR('Budget du don'!A16="",'Budget du don'!B16=""),"",'Budget du don'!B16) -> lot | C16: =IF(OR('Budget du don'!A16="",'Budget du don'!C16=""),"",'Budget du don'!C16) | D16: =IF(OR('Budget du don'!A16="",'Budget du don'!F16=""),"",'Budget du don'!F16) | E16: =IF(D16="","",D16*'Budget du don'!$G$4) | F16: =IF('Budget du don'!H16="","",'Budget du don'!H16) | G16: =IF(F16="","",F16*'Budget du don'!$G$4) | K16: =IF(OR(H16="",AND(I16="",J16="")),"",H16*IF(I16<>"",I16,J16/'Budget du don'!$G$4)) | L16: =IF(K16="","",K16*'Budget du don'!$G$4) | M16: =IF(OR(F16="",K16=""),"",F16-K16) | N16: =IF(M16="","",M16*'Budget du don'!$G$4) | O16: =IF(OR(D16="",D16=0,H16="",AND(I16="",J16="")),"",(IF(I16<>"",I16,J16/'Budget du don'!$G$4)-D16)/D16)
A17: =IF('Budget du don'!A17="","",'Budget du don'!A17) | B17: =IF(OR('Budget du don'!A17="",'Budget du don'!B17=""),"",'Budget du don'!B17) | C17: =IF(OR('Budget du don'!A17="",'Budget du don'!C17=""),"",'Budget du don'!C17) | D17: =IF(OR('Budget du don'!A17="",'Budget du don'!F17=""),"",'Budget du don'!F17) | E17: =IF(D17="","",D17*'Budget du don'!$G$4) | F17: =IF('Budget du don'!H17="","",'Budget du don'!H17) | G17: =IF(F17="","",F17*'Budget du don'!$G$4) | K17: =IF(OR(H17="",AND(I17="",J17="")),"",H17*IF(I17<>"",I17,J17/'Budget du don'!$G$4)) | L17: =IF(K17="","",K17*'Budget du don'!$G$4) | M17: =IF(OR(F17="",K17=""),"",F17-K17) | N17: =IF(M17="","",M17*'Budget du don'!$G$4) | O17: =IF(OR(D17="",D17=0,H17="",AND(I17="",J17="")),"",(IF(I17<>"",I17,J17/'Budget du don'!$G$4)-D17)/D17)
A18: =IF('Budget du don'!A18="","",'Budget du don'!A18) | B18: =IF(OR('Budget du don'!A18="",'Budget du don'!B18=""),"",'Budget du don'!B18) | C18: =IF(OR('Budget du don'!A18="",'Budget du don'!C18=""),"",'Budget du don'!C18) | D18: =IF(OR('Budget du don'!A18="",'Budget du don'!F18=""),"",'Budget du don'!F18) | E18: =IF(D18="","",D18*'Budget du don'!$G$4) | F18: =IF('Budget du don'!H18="","",'Budget du don'!H18) | G18: =IF(F18="","",F18*'Budget du don'!$G$4) | K18: =IF(OR(H18="",AND(I18="",J18="")),"",H18*IF(I18<>"",I18,J18/'Budget du don'!$G$4)) | L18: =IF(K18="","",K18*'Budget du don'!$G$4) | M18: =IF(OR(F18="",K18=""),"",F18-K18) | N18: =IF(M18="","",M18*'Budget du don'!$G$4) | O18: =IF(OR(D18="",D18=0,H18="",AND(I18="",J18="")),"",(IF(I18<>"",I18,J18/'Budget du don'!$G$4)-D18)/D18)
A19: =IF('Budget du don'!A19="","",'Budget du don'!A19) | B19: =IF(OR('Budget du don'!A19="",'Budget du don'!B19=""),"",'Budget du don'!B19) | C19: =IF(OR('Budget du don'!A19="",'Budget du don'!C19=""),"",'Budget du don'!C19) | D19: =IF(OR('Budget du don'!A19="",'Budget du don'!F19=""),"",'Budget du don'!F19) | E19: =IF(D19="","",D19*'Budget du don'!$G$4) | F19: =IF('Budget du don'!H19="","",'Budget du don'!H19) | G19: =IF(F19="","",F19*'Budget du don'!$G$4) | K19: =IF(OR(H19="",AND(I19="",J19="")),"",H19*IF(I19<>"",I19,J19/'Budget du don'!$G$4)) | L19: =IF(K19="","",K19*'Budget du don'!$G$4) | M19: =IF(OR(F19="",K19=""),"",F19-K19) | N19: =IF(M19="","",M19*'Budget du don'!$G$4) | O19: =IF(OR(D19="",D19=0,H19="",AND(I19="",J19="")),"",(IF(I19<>"",I19,J19/'Budget du don'!$G$4)-D19)/D19)
A20: =IF('Budget du don'!A20="","",'Budget du don'!A20) | B20: =IF(OR('Budget du don'!A20="",'Budget du don'!B20=""),"",'Budget du don'!B20) | C20: =IF(OR('Budget du don'!A20="",'Budget du don'!C20=""),"",'Budget du don'!C20) | D20: =IF(OR('Budget du don'!A20="",'Budget du don'!F20=""),"",'Budget du don'!F20) | E20: =IF(D20="","",D20*'Budget du don'!$G$4) | F20: =IF('Budget du don'!H20="","",'Budget du don'!H20) | G20: =IF(F20="","",F20*'Budget du don'!$G$4) | K20: =IF(OR(H20="",AND(I20="",J20="")),"",H20*IF(I20<>"",I20,J20/'Budget du don'!$G$4)) | L20: =IF(K20="","",K20*'Budget du don'!$G$4) | M20: =IF(OR(F20="",K20=""),"",F20-K20) | N20: =IF(M20="","",M20*'Budget du don'!$G$4) | O20: =IF(OR(D20="",D20=0,H20="",AND(I20="",J20="")),"",(IF(I20<>"",I20,J20/'Budget du don'!$G$4)-D20)/D20)
A21: =IF('Budget du don'!A21="","",'Budget du don'!A21) | B21: =IF(OR('Budget du don'!A21="",'Budget du don'!B21=""),"",'Budget du don'!B21) | C21: =IF(OR('Budget du don'!A21="",'Budget du don'!C21=""),"",'Budget du don'!C21) | D21: =IF(OR('Budget du don'!A21="",'Budget du don'!F21=""),"",'Budget du don'!F21) | E21: =IF(D21="","",D21*'Budget du don'!$G$4) | F21: =IF('Budget du don'!H21="","",'Budget du don'!H21) | G21: =IF(F21="","",F21*'Budget du don'!$G$4) | K21: =IF(OR(H21="",AND(I21="",J21="")),"",H21*IF(I21<>"",I21,J21/'Budget du don'!$G$4)) | L21: =IF(K21="","",K21*'Budget du don'!$G$4) | M21: =IF(OR(F21="",K21=""),"",F21-K21) | N21: =IF(M21="","",M21*'Budget du don'!$G$4) | O21: =IF(OR(D21="",D21=0,H21="",AND(I21="",J21="")),"",(IF(I21<>"",I21,J21/'Budget du don'!$G$4)-D21)/D21)
... A48: =IF('Budget du don'!A48="","",'Budget du don'!A48) | B48: =IF(OR('Budget du don'!A48="",'Budget du don'!B48=""),"",'Budget du don'!B48) | C48: =IF(OR('Budget du don'!A48="",'Budget du don'!C48=""),"",'Budget du don'!C48) | D48: =IF(OR('Budget du don'!A48="",'Budget du don'!F48=""),"",'Budget du don'!F48) | E48: =IF(D48="","",D48*'Budget du don'!$G$4) | F48: =IF('Budget du don'!H48="","",'Budget du don'!H48) | G48: =IF(F48="","",F48*'Budget du don'!$G$4) | K48: =IF(OR(H48="",AND(I48="",J48="")),"",H48*IF(I48<>"",I48,J48/'Budget du don'!$G$4)) | L48: =IF(K48="","",K48*'Budget du don'!$G$4) | M48: =IF(OR(F48="",K48=""),"",F48-K48) | N48: =IF(M48="","",M48*'Budget du don'!$G$4) | O48: =IF(OR(D48="",D48=0,H48="",AND(I48="",J48="")),"",(IF(I48<>"",I48,J48/'Budget du don'!$G$4)-D48)/D48)
A49: TOTAL | F49: =SUM(F9:F48) -> 182.93882 | G49: =SUM(G9:G48) -> 120000 | K49: =SUM(K9:K48) -> 195.13474 | L49: =SUM(L9:L48) -> 128000 | M49: =SUM(M9:M48) -> -12.195921 | N49: =SUM(N9:N48) -> -8000 | O49: =IF(SUM(F9:F48)=0,"",(SUM(K9:K48)-SUM(F9:F48))/SUM(F9:F48)) -> 0.066666667

Sheet Budget annuel
A1: BUDGET ANNUEL PAR POSTE
A2: Votre budget global de l'année, par poste de dépense — modifiable à tout moment. Saisissez le budget prévu et le dépensé réel en € OU en FCFA (une seule des deux colonnes jaunes) : la conversion s'affiche dans les deux monnaies, et l'écart et le % consommé se calculent automatiquement (rouge = budget dépassé).
A3: Année : | B3: 2026
B5: BUDGET PRÉVU | F5: DÉPENSÉ RÉEL | J5: ANALYSE
A7: Poste / Catégorie | B7: Saisi (€) | C7: Saisi (FCFA) | D7: Budget prévu (€) | E7: Budget prévu (FCFA) | F7: Saisi (€) | G7: Saisi (FCFA) | H7: Dépensé réel (€) | I7: Dépensé réel (FCFA) | J7: Écart (€) | K7: Écart (FCFA) | L7: % consommé
A8: Achats articles | B8: 1500 | D8: =IF(AND(B8="",C8=""),"",IF(B8<>"",B8,C8/'Budget du don'!$G$4)) -> 1500 | E8: =IF(D8="","",D8*'Budget du don'!$G$4) -> 983935.5 | H8: =IF(AND(F8="",G8=""),"",IF(F8<>"",F8,G8/'Budget du don'!$G$4)) | I8: =IF(H8="","",H8*'Budget du don'!$G$4) | J8: =IF(OR(A8="",D8=""),"",D8-IF(H8="",0,H8)) -> 1500 | K8: =IF(J8="","",J8*'Budget du don'!$G$4) -> 983935.5 | L8: =IF(OR(A8="",D8="",D8=0),"",IF(H8="",0,H8)/D8) -> 0
A9: Logistique | B9: 300 | D9: =IF(AND(B9="",C9=""),"",IF(B9<>"",B9,C9/'Budget du don'!$G$4)) -> 300 | E9: =IF(D9="","",D9*'Budget du don'!$G$4) -> 196787.1 | H9: =IF(AND(F9="",G9=""),"",IF(F9<>"",F9,G9/'Budget du don'!$G$4)) | I9: =IF(H9="","",H9*'Budget du don'!$G$4) | J9: =IF(OR(A9="",D9=""),"",D9-IF(H9="",0,H9)) -> 300 | K9: =IF(J9="","",J9*'Budget du don'!$G$4) -> 196787.1 | L9: =IF(OR(A9="",D9="",D9=0),"",IF(H9="",0,H9)/D9) -> 0
A10: Transport | B10: 200 | D10: =IF(AND(B10="",C10=""),"",IF(B10<>"",B10,C10/'Budget du don'!$G$4)) -> 200 | E10: =IF(D10="","",D10*'Budget du don'!$G$4) -> 131191.4 | H10: =IF(AND(F10="",G10=""),"",IF(F10<>"",F10,G10/'Budget du don'!$G$4)) | I10: =IF(H10="","",H10*'Budget du don'!$G$4) | J10: =IF(OR(A10="",D10=""),"",D10-IF(H10="",0,H10)) -> 200 | K10: =IF(J10="","",J10*'Budget du don'!$G$4) -> 131191.4 | L10: =IF(OR(A10="",D10="",D10=0),"",IF(H10="",0,H10)/D10) -> 0
A11: Frais divers | B11: 100 | D11: =IF(AND(B11="",C11=""),"",IF(B11<>"",B11,C11/'Budget du don'!$G$4)) -> 100 | E11: =IF(D11="","",D11*'Budget du don'!$G$4) -> 65595.7 | H11: =IF(AND(F11="",G11=""),"",IF(F11<>"",F11,G11/'Budget du don'!$G$4)) | I11: =IF(H11="","",H11*'Budget du don'!$G$4) | J11: =IF(OR(A11="",D11=""),"",D11-IF(H11="",0,H11)) -> 100 | K11: =IF(J11="","",J11*'Budget du don'!$G$4) -> 65595.7 | L11: =IF(OR(A11="",D11="",D11=0),"",IF(H11="",0,H11)/D11) -> 0
D12: =IF(AND(B12="",C12=""),"",IF(B12<>"",B12,C12/'Budget du don'!$G$4)) | E12: =IF(D12="","",D12*'Budget du don'!$G$4) | H12: =IF(AND(F12="",G12=""),"",IF(F12<>"",F12,G12/'Budget du don'!$G$4)) | I12: =IF(H12="","",H12*'Budget du don'!$G$4) | J12: =IF(OR(A12="",D12=""),"",D12-IF(H12="",0,H12)) | K12: =IF(J12="","",J12*'Budget du don'!$G$4) | L12: =IF(OR(A12="",D12="",D12=0),"",IF(H12="",0,H12)/D12)
D13: =IF(AND(B13="",C13=""),"",IF(B13<>"",B13,C13/'Budget du don'!$G$4)) | E13: =IF(D13="","",D13*'Budget du don'!$G$4) | H13: =IF(AND(F13="",G13=""),"",IF(F13<>"",F13,G13/'Budget du don'!$G$4)) | I13: =IF(H13="","",H13*'Budget du don'!$G$4) | J13: =IF(OR(A13="",D13=""),"",D13-IF(H13="",0,H13)) | K13: =IF(J13="","",J13*'Budget du don'!$G$4) | L13: =IF(OR(A13="",D13="",D13=0),"",IF(H13="",0,H13)/D13)
D14: =IF(AND(B14="",C14=""),"",IF(B14<>"",B14,C14/'Budget du don'!$G$4)) | E14: =IF(D14="","",D14*'Budget du don'!$G$4) | H14: =IF(AND(F14="",G14=""),"",IF(F14<>"",F14,G14/'Budget du don'!$G$4)) | I14: =IF(H14="","",H14*'Budget du don'!$G$4) | J14: =IF(OR(A14="",D14=""),"",D14-IF(H14="",0,H14)) | K14: =IF(J14="","",J14*'Budget du don'!$G$4) | L14: =IF(OR(A14="",D14="",D14=0),"",IF(H14="",0,H14)/D14)
D15: =IF(AND(B15="",C15=""),"",IF(B15<>"",B15,C15/'Budget du don'!$G$4)) | E15: =IF(D15="","",D15*'Budget du don'!$G$4) | H15: =IF(AND(F15="",G15=""),"",IF(F15<>"",F15,G15/'Budget du don'!$G$4)) | I15: =IF(H15="","",H15*'Budget du don'!$G$4) | J15: =IF(OR(A15="",D15=""),"",D15-IF(H15="",0,H15)) | K15: =IF(J15="","",J15*'Budget du don'!$G$4) | L15: =IF(OR(A15="",D15="",D15=0),"",IF(H15="",0,H15)/D15)
D16: =IF(AND(B16="",C16=""),"",IF(B16<>"",B16,C16/'Budget du don'!$G$4)) | E16: =IF(D16="","",D16*'Budget du don'!$G$4) | H16: =IF(AND(F16="",G16=""),"",IF(F16<>"",F16,G16/'Budget du don'!$G$4)) | I16: =IF(H16="","",H16*'Budget du don'!$G$4) | J16: =IF(OR(A16="",D16=""),"",D16-IF(H16="",0,H16)) | K16: =IF(J16="","",J16*'Budget du don'!$G$4) | L16: =IF(OR(A16="",D16="",D16=0),"",IF(H16="",0,H16)/D16)
D17: =IF(AND(B17="",C17=""),"",IF(B17<>"",B17,C17/'Budget du don'!$G$4)) | E17: =IF(D17="","",D17*'Budget du don'!$G$4) | H17: =IF(AND(F17="",G17=""),"",IF(F17<>"",F17,G17/'Budget du don'!$G$4)) | I17: =IF(H17="","",H17*'Budget du don'!$G$4) | J17: =IF(OR(A17="",D17=""),"",D17-IF(H17="",0,H17)) | K17: =IF(J17="","",J17*'Budget du don'!$G$4) | L17: =IF(OR(A17="",D17="",D17=0),"",IF(H17="",0,H17)/D17)
A18: TOTAL | D18: =SUM(D8:D17) -> 2100 | E18: =SUM(E8:E17) -> 1377509.7 | H18: =SUM(H8:H17) -> 0 | I18: =SUM(I8:I17) -> 0 | J18: =SUM(J8:J17) -> 2100 | K18: =SUM(K8:K17) -> 1377509.7 | L18: =IF(D18=0,"",H18/D18) -> 0

Sheet Prix
A1: COMPARATIF DES PRIX DES ARTICLES
A2: Notez le prix unitaire de chaque article à chaque campagne (colonnes C à F : les en-têtes jaunes sont modifiables), en € ou en FCFA — gardez la même monnaie sur toute la ligne. L'évolution compare automatiquement le premier prix saisi au dernier. La ligne 6 est un exemple en FCFA.
A5: Article | B5: Unité | C5: Noël 2025 | D5: Pâques 2026 | E5: Rentrée 2026 | F5: Noël 2026 | G5: Évolution | H5: Notes
A6: Sac de riz 25 kg | B6: sac | C6: 12000 | D6: 12800 | G6: =IF(C6="","",IF(F6<>"",(F6-C6)/C6,IF(E6<>"",(E6-C6)/C6,IF(D6<>"",(D6-C6)/C6,"")))) -> 0.066666667
A7: Cahier 96 pages | B7: pièce | G7: =IF(C7="","",IF(F7<>"",(F7-C7)/C7,IF(E7<>"",(E7-C7)/C7,IF(D7<>"",(D7-C7)/C7,""))))
A8: Stylo bleu | B8: pièce | G8: =IF(C8="","",IF(F8<>"",(F8-C8)/C8,IF(E8<>"",(E8-C8)/C8,IF(D8<>"",(D8-C8)/C8,""))))
A9: Cartable | B9: pièce | G9: =IF(C9="","",IF(F9<>"",(F9-C9)/C9,IF(E9<>"",(E9-C9)/C9,IF(D9<>"",(D9-C9)/C9,""))))
A10: Craie blanche | B10: boîte de 100 | G10: =IF(C10="","",IF(F10<>"",(F10-C10)/C10,IF(E10<>"",(E10-C10)/C10,IF(D10<>"",(D10-C10)/C10,""))))
A11: Huile végétale | B11: bidon 1 L | G11: =IF(C11="","",IF(F11<>"",(F11-C11)/C11,IF(E11<>"",(E11-C11)/C11,IF(D11<>"",(D11-C11)/C11,""))))
A12: Savon | B12: pièce | G12: =IF(C12="","",IF(F12<>"",(F12-C12)/C12,IF(E12<>"",(E12-C12)/C12,IF(D12<>"",(D12-C12)/C12,""))))
G13: =IF(C13="","",IF(F13<>"",(F13-C13)/C13,IF(E13<>"",(E13-C13)/C13,IF(D13<>"",(D13-C13)/C13,""))))
G14: =IF(C14="","",IF(F14<>"",(F14-C14)/C14,IF(E14<>"",(E14-C14)/C14,IF(D14<>"",(D14-C14)/C14,""))))
G15: =IF(C15="","",IF(F15<>"",(F15-C15)/C15,IF(E15<>"",(E15-C15)/C15,IF(D15<>"",(D15-C15)/C15,""))))
G16: =IF(C16="","",IF(F16<>"",(F16-C16)/C16,IF(E16<>"",(E16-C16)/C16,IF(D16<>"",(D16-C16)/C16,""))))
G17: =IF(C17="","",IF(F17<>"",(F17-C17)/C17,IF(E17<>"",(E17-C17)/C17,IF(D17<>"",(D17-C17)/C17,""))))
G18: =IF(C18="","",IF(F18<>"",(F18-C18)/C18,IF(E18<>"",(E18-C18)/C18,IF(D18<>"",(D18-C18)/C18,""))))
G19: =IF(C19="","",IF(F19<>"",(F19-C19)/C19,IF(E19<>"",(E19-C19)/C19,IF(D19<>"",(D19-C19)/C19,""))))
G20: =IF(C20="","",IF(F20<>"",(F20-C20)/C20,IF(E20<>"",(E20-C20)/C20,IF(D20<>"",(D20-C20)/C20,""))))
G21: =IF(C21="","",IF(F21<>"",(F21-C21)/C21,IF(E21<>"",(E21-C21)/C21,IF(D21<>"",(D21-C21)/C21,""))))
G22: =IF(C22="","",IF(F22<>"",(F22-C22)/C22,IF(E22<>"",(E22-C22)/C22,IF(D22<>"",(D22-C22)/C22,""))))
G23: =IF(C23="","",IF(F23<>"",(F23-C23)/C23,IF(E23<>"",(E23-C23)/C23,IF(D23<>"",(D23-C23)/C23,""))))
G24: =IF(C24="","",IF(F24<>"",(F24-C24)/C24,IF(E24<>"",(E24-C24)/C24,IF(D24<>"",(D24-C24)/C24,""))))
G25: =IF(C25="","",IF(F25<>"",(F25-C25)/C25,IF(E25<>"",(E25-C25)/C25,IF(D25<>"",(D25-C25)/C25,""))))

Sheet Détails des dons
A1: DÉTAILS DES DONS PAR CAMPAGNE
A2: Une ligne par article donné : campagne, orphelinat bénéficiaire, article, quantité et valeur. Saisissez le prix unitaire en € OU en FCFA (une seule des deux colonnes) : les valeurs totales se calculent dans les deux monnaies. Les lignes 7 à 9 sont des exemples à remplacer.
A4: VALEUR TOTALE DES DONS (€) | C4: VALEUR TOTALE (FCFA) | E4: ARTICLES DONNÉS (QUANTITÉ)
A5: =SUM(H7:H206) -> 205.21841 | C5: =SUM(H7:H206)*'Budget du don'!$G$4 -> 134614.45 | E5: =SUM(E7:E206) -> 122
A6: Campagne | B6: Date | C6: Bénéficiaire (orphelinat…) | D6: Article donné | E6: Quantité | F6: Prix unitaire (€) | G6: Prix unitaire (FCFA) | H6: Valeur totale (€) | I6: Valeur totale (FCFA) | J6: Notes
A7: Noël 2025 | B7: 46011 | C7: Orphelinat Sainte-Marie, Cotonou | D7: Cahier 96 pages | E7: 100 | G7: 330 | H7: =IF(OR(E7="",AND(F7="",G7="")),"",E7*IF(F7<>"",F7,G7/'Budget du don'!$G$4)) -> 50.308176 | I7: =IF(H7="","",H7*'Budget du don'!$G$4) -> 33000
A8: Noël 2025 | B8: 46011 | C8: Orphelinat Sainte-Marie, Cotonou | D8: Sac de riz 25 kg | E8: 2 | F8: 18 | H8: =IF(OR(E8="",AND(F8="",G8="")),"",E8*IF(F8<>"",F8,G8/'Budget du don'!$G$4)) -> 36 | I8: =IF(H8="","",H8*'Budget du don'!$G$4) -> 23614.452
A9: Noël 2025 | B9: 46011 | C9: Orphelinat Sainte-Marie, Cotonou | D9: Cartable | E9: 20 | G9: 3900 | H9: =IF(OR(E9="",AND(F9="",G9="")),"",E9*IF(F9<>"",F9,G9/'Budget du don'!$G$4)) -> 118.91023 | I9: =IF(H9="","",H9*'Budget du don'!$G$4) -> 78000
H10: =IF(OR(E10="",AND(F10="",G10="")),"",E10*IF(F10<>"",F10,G10/'Budget du don'!$G$4)) | I10: =IF(H10="","",H10*'Budget du don'!$G$4)
H11: =IF(OR(E11="",AND(F11="",G11="")),"",E11*IF(F11<>"",F11,G11/'Budget du don'!$G$4)) | I11: =IF(H11="","",H11*'Budget du don'!$G$4)
H12: =IF(OR(E12="",AND(F12="",G12="")),"",E12*IF(F12<>"",F12,G12/'Budget du don'!$G$4)) | I12: =IF(H12="","",H12*'Budget du don'!$G$4)
H13: =IF(OR(E13="",AND(F13="",G13="")),"",E13*IF(F13<>"",F13,G13/'Budget du don'!$G$4)) | I13: =IF(H13="","",H13*'Budget du don'!$G$4)
H14: =IF(OR(E14="",AND(F14="",G14="")),"",E14*IF(F14<>"",F14,G14/'Budget du don'!$G$4)) | I14: =IF(H14="","",H14*'Budget du don'!$G$4)
H15: =IF(OR(E15="",AND(F15="",G15="")),"",E15*IF(F15<>"",F15,G15/'Budget du don'!$G$4)) | I15: =IF(H15="","",H15*'Budget du don'!$G$4)
H16: =IF(OR(E16="",AND(F16="",G16="")),"",E16*IF(F16<>"",F16,G16/'Budget du don'!$G$4)) | I16: =IF(H16="","",H16*'Budget du don'!$G$4)
H17: =IF(OR(E17="",AND(F17="",G17="")),"",E17*IF(F17<>"",F17,G17/'Budget du don'!$G$4)) | I17: =IF(H17="","",H17*'Budget du don'!$G$4)
H18: =IF(OR(E18="",AND(F18="",G18="")),"",E18*IF(F18<>"",F18,G18/'Budget du don'!$G$4)) | I18: =IF(H18="","",H18*'Budget du don'!$G$4)
H19: =IF(OR(E19="",AND(F19="",G19="")),"",E19*IF(F19<>"",F19,G19/'Budget du don'!$G$4)) | I19: =IF(H19="","",H19*'Budget du don'!$G$4)
H20: =IF(OR(E20="",AND(F20="",G20="")),"",E20*IF(F20<>"",F20,G20/'Budget du don'!$G$4)) | I20: =IF(H20="","",H20*'Budget du don'!$G$4)
H21: =IF(OR(E21="",AND(F21="",G21="")),"",E21*IF(F21<>"",F21,G21/'Budget du don'!$G$4)) | I21: =IF(H21="","",H21*'Budget du don'!$G$4)
... H206: =IF(OR(E206="",AND(F206="",G206="")),"",E206*IF(F206<>"",F206,G206/'Budget du don'!$G$4)) | I206: =IF(H206="","",H206*'Budget du don'!$G$4)
